{"Epoch": 1448, "Loss": 3.49997280667673, "Reward": 6.0, "Average Loss": 4.073251608675799, "Average Reward": 3.99, "Epsilon": 0.008000155201853482, "_timestamp": 1718454199.6528459, "_runtime": 1613.848492860794, "_step": 1448, "_wandb": {"runtime": 1613}}