{"Epoch": 5999, "Loss": 2.7899236036719492, "Reward": 3.0, "Average Loss": 2.2394576845193206, "Average Reward": 3.75, "Epsilon": 0.006805222041339185, "_timestamp": 1718445556.2907896, "_runtime": 7134.051355600357, "_step": 5999, "_wandb": {"runtime": 7133}}