{"Epoch": 5999, "Loss": 4.654323575496704, "Reward": 12.0, "Average Loss": 2.271933677561391, "Average Reward": 4.47, "Epsilon": 0.0028101352980096726, "_timestamp": 1718452249.1881773, "_runtime": 7940.129782438278, "_step": 5999, "_wandb": {"runtime": 7940}}