{"Epoch": 333, "Loss": 2.4724144210399226, "Reward": 2.0, "Average Loss": 3.191240398189907, "Average Reward": 4.18, "Epsilon": 55.554503557136094, "_timestamp": 1718455972.7827992, "_runtime": 379.69820833206177, "_step": 333, "_wandb": {"runtime": 379}}