{"Epoch": 5999, "Loss": 1.7282976375711288, "Reward": 2.0, "Average Loss": 2.4241409146729938, "Average Reward": 3.95, "Epsilon": 0.0032638465685137733, "_timestamp": 1718438411.5171938, "_runtime": 7071.235940694809, "_step": 5999, "_wandb": {"runtime": 7071}}