{"Epoch": 5999, "Loss": 2.223795968199182, "Reward": 2.0, "Average Loss": 1.801710204747436, "Average Reward": 3.67, "Epsilon": 0.007461956312938471, "_timestamp": 1718445902.5241227, "_runtime": 7815.441896677017, "_step": 5999, "_wandb": {"runtime": 7815}}