{"Epoch": 1452, "Loss": 3.3842171622766526, "Reward": 4.0, "Average Loss": 3.7666317224570185, "Average Reward": 4.11, "Epsilon": 0.008722572577401302, "_timestamp": 1718431042.074618, "_runtime": 1725.2893600463867, "_step": 1452, "_wandb": {"runtime": 1725}}