{"Epoch": 139, "Loss": 2.332838590781104, "Reward": 2.0, "Average Loss": 2.7166069536562265, "Average Reward": 4.68, "Epsilon": 72.74545029930856, "_timestamp": 1718456559.939448, "_runtime": 153.43543910980225, "_step": 139, "_wandb": {"runtime": 153}}