{"Epoch": 5999, "Loss": 3.1685459954849224, "Reward": 10.0, "Average Loss": 2.274040194485883, "Average Reward": 4.4, "Epsilon": 0.006728700021748171, "_timestamp": 1718473715.0657015, "_runtime": 7152.871529579163, "_step": 5999, "_wandb": {"runtime": 7153}}