{"Epoch": 1684, "Loss": 22.418476631596633, "Reward": 1.0, "Average Loss": 21.005987238265103, "Average Reward": 3.9, "Epsilon": 0.016015724344116952, "_timestamp": 1718426258.627484, "_runtime": 1961.469173192978, "_step": 1684, "_wandb": {"runtime": 1961}}