{"Epoch": 98, "Loss": 2.5512113117098916, "Reward": 6.0, "Average Loss": 2.2379152761200425, "Average Reward": 4.262626262626263, "Epsilon": 49.27928387069367, "_timestamp": 1718427691.532711, "_runtime": 144.0113079547882, "_step": 98, "_wandb": {"runtime": 144}}