{"Epoch": 58, "Loss": 1.7896041625965797, "Reward": 2.0, "Average Loss": 2.228634413513692, "Average Reward": 4.186440677966102, "Epsilon": 222.37740941563735, "_timestamp": 1718456562.3875656, "_runtime": 65.09340953826904, "_step": 58, "_wandb": {"runtime": 65}}