{"Epoch": 322, "Loss": 3.4752493430998146, "Reward": 2.0, "Average Loss": 3.8247035840313712, "Average Reward": 4.58, "Epsilon": 34.2294913765431, "_timestamp": 1718428332.1096544, "_runtime": 357.8160524368286, "_step": 322, "_wandb": {"runtime": 358}}