{"Epoch": 99, "Loss": 2.1098942904620186, "Reward": 2.0, "Average Loss": 2.9527987441035166, "Average Reward": 4.69, "Epsilon": 0.2937906777304809, "_timestamp": 1718465853.2811651, "_runtime": 149.7866280078888, "_step": 99, "_wandb": {"runtime": 149}}