{"Epoch": 289, "Loss": 7.389699184497147, "Reward": 10.0, "Average Loss": 4.45051359362798, "Average Reward": 4.76, "Epsilon": 0.6280802342524294, "_timestamp": 1718476606.074302, "_runtime": 316.21642994880676, "_step": 289}