{"Epoch": 2675, "Loss": 5.564838862837115, "Reward": 22.0, "Average Loss": 4.427297236309027, "Average Reward": 16.97, "Epsilon": 0.04813845525197133, "_timestamp": 1718427496.7829142, "_runtime": 3664.105187177658, "_step": 2675, "_wandb": {"runtime": 3664}}