{"Epoch": 3070, "Loss": 2.2800555215800626, "Reward": 3.0, "Average Loss": 3.120922619886088, "Average Reward": 3.99, "Epsilon": 0.02558652869873134, "_timestamp": 1718460037.9753788, "_runtime": 3164.121084690094, "_step": 3070}