{"Epoch": 5999, "Loss": 2.689711780688151, "Reward": 4.0, "Average Loss": 2.1871210637657867, "Average Reward": 4.37, "Epsilon": 0.008408614063604911, "_timestamp": 1718451273.9551961, "_runtime": 6812.108364105225, "_step": 5999, "_wandb": {"runtime": 6812}}