{"Epoch": 5999, "Loss": 2.0656278546770954, "Reward": 1.0, "Average Loss": 2.5166816141416515, "Average Reward": 3.58, "Epsilon": 0.04453845427018511, "_timestamp": 1718437559.7805495, "_runtime": 6184.021903514862, "_step": 5999, "_wandb": {"runtime": 6183}}