{"Epoch": 60, "Loss": 2.7268178353582315, "Reward": 6.0, "Average Loss": 2.389762549562528, "Average Reward": 4.524590163934426, "Epsilon": 167.23666346689927, "_timestamp": 1718456831.101437, "_runtime": 75.70839500427246, "_step": 60, "_wandb": {"runtime": 75}}