{"Epoch": 460, "Loss": 1.7708772398911432, "Reward": 1.0, "Average Loss": 2.549260228089038, "Average Reward": 4.16, "Epsilon": 0.08367706341956925, "_timestamp": 1718466467.427869, "_runtime": 572.3016970157623, "_step": 460, "_wandb": {"runtime": 573}}