{"Epoch": 3812, "Loss": 1.8836814032044051, "Reward": 0.0, "Average Loss": 2.2664478992197625, "Average Reward": 4.25, "Epsilon": 0.005677506146240146, "_timestamp": 1718455544.4852087, "_runtime": 4262.115322828293, "_step": 3812, "_wandb": {"runtime": 4262}}