{"Epoch": 3184, "Loss": 1.9970836697949432, "Reward": 4.0, "Average Loss": 3.079357757199986, "Average Reward": 6.3, "Epsilon": 0.03146707998337131, "_timestamp": 1718427502.7249658, "_runtime": 3399.0382437705994, "_step": 3184, "_wandb": {"runtime": 3398}}