{"Epoch": 1504, "Loss": 2.6483609315473275, "Reward": 1.0, "Average Loss": 3.294716875277879, "Average Reward": 4.24, "Epsilon": 0.00972860648164902, "_timestamp": 1718431022.1174302, "_runtime": 1630.6138513088226, "_step": 1504, "_wandb": {"runtime": 1630}}