{"Epoch": 290, "Loss": 1.88432804665163, "Reward": 4.0, "Average Loss": 2.7545844274997306, "Average Reward": 4.59, "Epsilon": 717.3054015513518, "_timestamp": 1718429025.855513, "_runtime": 301.53887915611267, "_step": 290, "_wandb": {"runtime": 301}}