{"Epoch": 1184, "Loss": 2.4753489667711555, "Reward": 3.0, "Average Loss": 2.7233233747270242, "Average Reward": 4.27, "Epsilon": 0.005935006684166502, "_timestamp": 1718431053.381552, "_runtime": 1610.151568889618, "_step": 1184, "_wandb": {"runtime": 1610}}