{"Epoch": 143, "Loss": 1.5159982206600977, "Reward": 1.0, "Average Loss": 2.4509233818781326, "Average Reward": 4.15, "Epsilon": 0.03359264750347133, "_timestamp": 1718428324.5140145, "_runtime": 174.18460655212402, "_step": 143, "_wandb": {"runtime": 175}}