{"Epoch": 2515, "Loss": 1.6332890262062367, "Reward": 2.0, "Average Loss": 2.067938125488925, "Average Reward": 3.83, "Epsilon": 0.05791781213532918, "_timestamp": 1718464560.516579, "_runtime": 2659.280592918396, "_step": 2515, "_wandb": {"runtime": 2658}}