{"Epoch": 227, "Loss": 2.3847118451668696, "Reward": 2.0, "Average Loss": 2.7861449478083324, "Average Reward": 4.38, "Epsilon": 526.2465467530446, "_timestamp": 1718429031.6728334, "_runtime": 261.28229236602783, "_step": 227, "_wandb": {"runtime": 261}}