{"Epoch": 820, "Loss": 1.9169445966686456, "Reward": 1.0, "Average Loss": 2.3060630098049186, "Average Reward": 4.04, "Epsilon": 0.008064233793284666, "_timestamp": 1718474714.6238208, "_runtime": 990.6768057346344, "_step": 820}