{"Epoch": 3205, "Loss": 1.9671650429537677, "Reward": 4.0, "Average Loss": 2.226465918860501, "Average Reward": 4.48, "Epsilon": 0.00578253868819764, "_timestamp": 1718455977.707708, "_runtime": 3719.51659989357, "_step": 3205, "_wandb": {"runtime": 3719}}