{"Epoch": 449, "Loss": 1.911241920400265, "Reward": 3.0, "Average Loss": 2.263748066638072, "Average Reward": 4.35, "Epsilon": 0.009086115961327162, "_timestamp": 1718474719.740374, "_runtime": 851.1533861160278, "_step": 449}