{"Epoch": 5999, "Loss": 12.64545007873807, "Reward": 12.0, "Average Loss": 6.083583215638682, "Average Reward": 4.01, "Epsilon": 0.005681738618283778, "_timestamp": 1718444290.9270406, "_runtime": 6615.5338306427, "_step": 5999, "_wandb": {"runtime": 6615}}