{"Epoch": 25, "Loss": 1.5042526116128687, "Reward": 3.0, "Average Loss": 1.988589558855708, "Average Reward": 3.4615384615384617, "Epsilon": 29.197954496040097, "_timestamp": 1718429222.2543967, "_runtime": 33.44190073013306, "_step": 25, "_wandb": {"runtime": 33}}