{"Epoch": 81, "Loss": 3.111253574930951, "Reward": 8.0, "Average Loss": 2.35370386655492, "Average Reward": 4.560975609756097, "Epsilon": 2.5919160316010124, "_timestamp": 1718456828.2374442, "_runtime": 133.77502417564392, "_step": 81, "_wandb": {"runtime": 133}}