{"Epoch": 1357, "Loss": 400.05919084473317, "Reward": 9.0, "Average Loss": 293.4372307885197, "Average Reward": 4.46, "Epsilon": 0.6104911014636204, "_timestamp": 1718427491.444558, "_runtime": 1341.132735967636, "_step": 1357, "_wandb": {"runtime": 1341}}