{"Epoch": 387, "Loss": 5.101142223959914, "Reward": 6.0, "Average Loss": 5.126366184959258, "Average Reward": 4.71, "Epsilon": 93.18141350586498, "_timestamp": 1718455982.3707576, "_runtime": 418.20630955696106, "_step": 387, "_wandb": {"runtime": 418}}