{"Epoch": 284, "Loss": 2.802011610559029, "Reward": 5.0, "Average Loss": 2.48641079439566, "Average Reward": 4.8, "Epsilon": 88.66567859470867, "_timestamp": 1718456552.8281238, "_runtime": 311.73419189453125, "_step": 284, "_wandb": {"runtime": 312}}