{"Epoch": 543, "Loss": 3.173692403763793, "Reward": 7.0, "Average Loss": 3.049883684692782, "Average Reward": 3.81, "Epsilon": 0.17452898093612285, "_timestamp": 1718465417.3531985, "_runtime": 600.4241764545441, "_step": 543, "_wandb": {"runtime": 600}}