{"Epoch": 3224, "Loss": 5.904037343488302, "Reward": 5.0, "Average Loss": 5.626636241119888, "Average Reward": 4.37, "Epsilon": 0.44375749814638166, "_timestamp": 1718460037.9175098, "_runtime": 3149.287608861923, "_step": 3224}