{"Epoch": 80, "Loss": 1.463058016370619, "Reward": 2.0, "Average Loss": 3.776069955562096, "Average Reward": 4.407407407407407, "Epsilon": 48.57728232064795, "_timestamp": 1718416687.7189984, "_runtime": 206.67380332946777, "_step": 80}