{"Epoch": 1783, "Loss": 3.093921318904151, "Reward": 8.0, "Average Loss": 2.512822843131005, "Average Reward": 4.27, "Epsilon": 1.479042576816389, "_timestamp": 1718464126.3714144, "_runtime": 1800.8753395080566, "_step": 1783, "_wandb": {"runtime": 1800}}