{"Epoch": 5999, "Loss": 2.8816402917584165, "Reward": 6.0, "Average Loss": 3.1503942158707714, "Average Reward": 3.75, "Epsilon": 0.0012847606090865768, "_timestamp": 1718473859.8357532, "_runtime": 7280.98913025856, "_step": 5999, "_wandb": {"runtime": 7281}}