{"Epoch": 94, "Loss": 2.9214168111743617, "Reward": 6.0, "Average Loss": 2.404615477220472, "Average Reward": 4.189473684210526, "Epsilon": 0.11969514615936144, "_timestamp": 1718475156.3797162, "_runtime": 200.47322607040405, "_step": 94, "_wandb": {"runtime": 203}}