{"Epoch": 2934, "Loss": 3.368522721090125, "Reward": 4.0, "Average Loss": 2.7649546082356085, "Average Reward": 4.12, "Epsilon": 0.2321932076416883, "_timestamp": 1718464545.9419408, "_runtime": 3019.30339884758, "_step": 2934, "_wandb": {"runtime": 3019}}