{"Epoch": 88, "Loss": 3.1525420525068575, "Reward": 3.0, "Average Loss": 2.9409032267484667, "Average Reward": 4.292134831460674, "Epsilon": 0.46730501151578435, "_timestamp": 1718465598.2640736, "_runtime": 119.03715753555298, "_step": 88, "_wandb": {"runtime": 119}}