{"Epoch": 170, "Loss": 10.253035446298547, "Reward": 5.0, "Average Loss": 7.8276089262843245, "Average Reward": 4.28, "Epsilon": 4.197929429000795, "_timestamp": 1718426510.0464869, "_runtime": 214.32589888572693, "_step": 170, "_wandb": {"runtime": 214}}