{"Epoch": 5999, "Loss": 6.8826824991307705, "Reward": 10.0, "Average Loss": 4.192758627816324, "Average Reward": 3.97, "Epsilon": 0.005653129619541511, "_timestamp": 1718452567.6477678, "_runtime": 6653.376213788986, "_step": 5999, "_wandb": {"runtime": 6653}}