{"Epoch": 500, "Loss": 2.4613638170250374, "Reward": 2.0, "Average Loss": 2.619369833692431, "Average Reward": 4.52, "Epsilon": 0.4743018520785043, "_timestamp": 1718465451.3247063, "_runtime": 551.6876122951508, "_step": 500, "_wandb": {"runtime": 552}}