{"Epoch": 269, "Loss": 5.120330537589959, "Reward": 1.0, "Average Loss": 4.636118542385992, "Average Reward": 4.25, "Epsilon": 0.14607409023374615, "_timestamp": 1718476612.841531, "_runtime": 339.6635410785675, "_step": 269}