{"Epoch": 195, "Loss": 2.5444518718481537, "Reward": 2.0, "Average Loss": 2.6772653367952954, "Average Reward": 4.8, "Epsilon": 58.124453709215885, "_timestamp": 1718456557.252361, "_runtime": 232.4898509979248, "_step": 195, "_wandb": {"runtime": 232}}