{"Epoch": 5999, "Loss": 1.2709835575257244, "Reward": 4.0, "Average Loss": 1.94326733254935, "Average Reward": 3.95, "Epsilon": 0.0023611386607279845, "_timestamp": 1718438069.7991047, "_runtime": 6818.191764593124, "_step": 5999, "_wandb": {"runtime": 6818}}