{"Epoch": 53, "Loss": 2.683997495024722, "Reward": 7.0, "Average Loss": 2.4966750739671166, "Average Reward": 5.092592592592593, "Epsilon": 102.01403378610406, "_timestamp": 1718431363.3555202, "_runtime": 75.81483435630798, "_step": 53, "_wandb": {"runtime": 75}}