{"Epoch": 4, "Loss": 1.5955521859863817, "Reward": 4.0, "Average Loss": 2.0562723461070704, "Average Reward": 3.6, "Epsilon": 77.69695728483947, "_timestamp": 1718427888.6880617, "_runtime": 61.8947057723999, "_step": 4, "_wandb": {"runtime": 62}}