{"Epoch": 5999, "Loss": 2.863451413235836, "Reward": 2.0, "Average Loss": 3.6386549815278046, "Average Reward": 3.8, "Epsilon": 0.007719106876895231, "_timestamp": 1718473783.3244588, "_runtime": 7203.552835941315, "_step": 5999, "_wandb": {"runtime": 7203}}