{"Epoch": 328, "Loss": 3.262998708717675, "Reward": 7.0, "Average Loss": 2.544882945970438, "Average Reward": 3.97, "Epsilon": 0.2759226978296852, "_timestamp": 1718466478.2362587, "_runtime": 403.1116316318512, "_step": 328, "_wandb": {"runtime": 403}}