{"Epoch": 2608, "Loss": 3.463910841529718, "Reward": 7.0, "Average Loss": 3.0950021410001454, "Average Reward": 3.85, "Epsilon": 0.005720412866768629, "_timestamp": 1718464556.9445238, "_runtime": 2926.684118747711, "_step": 2608, "_wandb": {"runtime": 2927}}