{"Epoch": 16, "Loss": 2.818881400012148, "Reward": 6.0, "Average Loss": 2.1778456317667256, "Average Reward": 3.6470588235294117, "Epsilon": 0.7010733019316921, "_timestamp": 1718475159.640575, "_runtime": 124.90037393569946, "_step": 16, "_wandb": {"runtime": 125}}