{"Epoch": 41, "Loss": 1.9550687506015394, "Reward": 3.0, "Average Loss": 2.4066042412777437, "Average Reward": 4.833333333333333, "Epsilon": 4.567778307264684, "_timestamp": 1718427696.3798492, "_runtime": 97.72540807723999, "_step": 41, "_wandb": {"runtime": 97}}