{"Epoch": 724, "Loss": 2.0435343279972686, "Reward": 6.0, "Average Loss": 2.405088641681601, "Average Reward": 4.54, "Epsilon": 0.00698358119641278, "_timestamp": 1718474721.5011723, "_runtime": 930.0611371994019, "_step": 724}