{"Epoch": 5999, "Loss": 2.8289534891199075, "Reward": 6.0, "Average Loss": 2.1638299547784423, "Average Reward": 3.9, "Epsilon": 0.0014023364119161341, "_timestamp": 1718444449.9829004, "_runtime": 6881.607730388641, "_step": 5999, "_wandb": {"runtime": 6881}}