{"Epoch": 877, "Loss": 6.07165263683388, "Reward": 2.0, "Average Loss": 7.589008356289313, "Average Reward": 4.37, "Epsilon": 0.03803893606791036, "_timestamp": 1718427506.2805288, "_runtime": 981.5292868614197, "_step": 877, "_wandb": {"runtime": 981}}