{"Epoch": 1269, "Loss": 1.6047737859682707, "Reward": 1.0, "Average Loss": 2.09516467885084, "Average Reward": 4.03, "Epsilon": 0.002359750004099597, "_timestamp": 1718455985.3879166, "_runtime": 1515.5523664951324, "_step": 1269, "_wandb": {"runtime": 1515}}