{"Epoch": 93, "Loss": 2.479616592306226, "Reward": 2.0, "Average Loss": 2.5125471175506218, "Average Reward": 4.882978723404255, "Epsilon": 0.5291699340198642, "_timestamp": 1718475158.5204697, "_runtime": 184.26785159111023, "_step": 93, "_wandb": {"runtime": 185}}