{"Epoch": 327, "Loss": 2.6773405525379586, "Reward": 6.0, "Average Loss": 2.653144104726695, "Average Reward": 4.37, "Epsilon": 0.012290580102999582, "_timestamp": 1718465457.0879524, "_runtime": 426.3989224433899, "_step": 327, "_wandb": {"runtime": 426}}