{"Epoch": 3173, "Loss": 3.5508801327723005, "Reward": 6.0, "Average Loss": 3.1728306556675596, "Average Reward": 4.78, "Epsilon": 3.012827281141731, "_timestamp": 1718460037.5434396, "_runtime": 3152.2554557323456, "_step": 3173}