{"Epoch": 5999, "Loss": 2.4656567515321877, "Reward": 2.0, "Average Loss": 3.1511873637836816, "Average Reward": 3.8, "Epsilon": 0.009833342996446425, "_timestamp": 1718437666.0713074, "_runtime": 6488.206579446793, "_step": 5999, "_wandb": {"runtime": 6488}}