{"Epoch": 45, "Loss": 1.8336312958721113, "Reward": 1.0, "Average Loss": 2.2562352686954306, "Average Reward": 3.739130434782609, "Epsilon": 0.2927214376891353, "_timestamp": 1718465454.5054088, "_runtime": 80.35490870475769, "_step": 45, "_wandb": {"runtime": 80}}