{"Epoch": 208, "Loss": 2.511396942796156, "Reward": 4.0, "Average Loss": 2.419819744130423, "Average Reward": 4.46, "Epsilon": 0.4815813124706922, "_timestamp": 1718466483.5700946, "_runtime": 315.06198263168335, "_step": 208, "_wandb": {"runtime": 314}}