{"Epoch": 396, "Loss": 2.9267110828117167, "Reward": 7.0, "Average Loss": 2.7002708318019186, "Average Reward": 4.77, "Epsilon": 124.91412990517264, "_timestamp": 1718429040.6728077, "_runtime": 410.38992381095886, "_step": 396, "_wandb": {"runtime": 409}}