{"Epoch": 256, "Loss": 2.796289697635674, "Reward": 5.0, "Average Loss": 2.3356301848456438, "Average Reward": 3.9, "Epsilon": 0.10897540111080999, "_timestamp": 1718476610.439327, "_runtime": 381.88709807395935, "_step": 256}