{"Epoch": 2068, "Loss": 4226.828034718221, "Reward": 2.0, "Average Loss": 4155.648970350828, "Average Reward": 4.55, "Epsilon": 0.01339639083208454, "_timestamp": 1718426129.916579, "_runtime": 2187.9221448898315, "_step": 2068, "_wandb": {"runtime": 2188}}