{"Epoch": 5999, "Loss": 1.701867481355973, "Reward": 7.0, "Average Loss": 2.1191440332905382, "Average Reward": 4.24, "Epsilon": 0.005349872052723494, "_timestamp": 1718454460.788519, "_runtime": 8893.698925971985, "_step": 5999, "_wandb": {"runtime": 8893}}