{"Epoch": 141, "Loss": 2.2552382028573037, "Reward": 3.0, "Average Loss": 2.1761393289316002, "Average Reward": 4.26, "Epsilon": 0.0783053473822728, "_timestamp": 1718475160.117292, "_runtime": 243.2826919555664, "_step": 141, "_wandb": {"runtime": 243}}