{"Epoch": 1559, "Loss": 1.3305229631560243, "Reward": 0.0, "Average Loss": 2.183951551552649, "Average Reward": 4.17, "Epsilon": 0.00774972574173764, "_timestamp": 1718431033.1154222, "_runtime": 1766.2395923137665, "_step": 1559, "_wandb": {"runtime": 1765}}