{"Epoch": 837, "Loss": 3.1248277243146707, "Reward": 6.0, "Average Loss": 3.28812434788305, "Average Reward": 4.63, "Epsilon": 0.008622855624074215, "_timestamp": 1718474722.1361454, "_runtime": 1050.414023399353, "_step": 837}