{"Epoch": 284, "Loss": 2.8595713568425296, "Reward": 9.0, "Average Loss": 2.6792104511732266, "Average Reward": 7.91, "Epsilon": 0.011469790583869438, "_timestamp": 1718416684.1257021, "_runtime": 951.3110160827637, "_step": 284}