{"Epoch": 5999, "Loss": 3.8352900331468542, "Reward": 4.0, "Average Loss": 3.423773000055969, "Average Reward": 4.15, "Epsilon": 0.002826116915555955, "_timestamp": 1718473661.9811509, "_runtime": 7069.974266767502, "_step": 5999, "_wandb": {"runtime": 7070}}