{"Epoch": 3149, "Loss": 1.2816605680776874, "Reward": 2.0, "Average Loss": 2.1569782992806497, "Average Reward": 4.05, "Epsilon": 0.3622099834186665, "_timestamp": 1718460037.918671, "_runtime": 3155.6556878089905, "_step": 3149}