{"Epoch": 190, "Loss": 2.0769648090167743, "Reward": 5.0, "Average Loss": 2.3639686295374864, "Average Reward": 3.84, "Epsilon": 0.10636295407997923, "_timestamp": 1718476605.168274, "_runtime": 305.28552889823914, "_step": 190}