{"Epoch": 218, "Loss": 1.8986026141483676, "Reward": 3.0, "Average Loss": 2.4266940094367713, "Average Reward": 4.38, "Epsilon": 0.35342898929325306, "_timestamp": 1718428329.1323113, "_runtime": 287.7301232814789, "_step": 218, "_wandb": {"runtime": 288}}