{"Epoch": 412, "Loss": 2.808833245011645, "Reward": 3.0, "Average Loss": 3.3996233840490295, "Average Reward": 4.83, "Epsilon": 81.05137235366205, "_timestamp": 1718429047.649463, "_runtime": 488.10734701156616, "_step": 412, "_wandb": {"runtime": 487}}